business_name,city,website,phone,email_subject,email_body,sms_message,demo_url,status
Wood's Plumbing,Tucson,https://woodsplumbing.com/,(520) 682-2233,Quick fix for your website - more emergency calls,"Hi Wood,

I noticed your site at https://woodsplumbing.com/ could be losing emergency plumbing calls.

I rebuilt your homepage to show exactly what I mean:
file://E:\playground\Plumber\demo_sites\Tucson\Woods_Plumbing.html

Here's what I fixed:
- Added a sticky ""Call Now"" button
- Made your phone number prominent on every page
- Created a sense of urgency for emergency services

Would you like me to walk you through the changes? It's completely free to look at.

Best regards,
Alex

---
To unsubscribe, reply STOP
",Quick fix for your website - this could bring more emergency calls: file://E:\playground\Plumber\demo_sites\Tucson\Woods_Plumbing.html,file://E:\playground\Plumber\demo_sites\Tucson\Woods_Plumbing.html,READY_TO_SEND
Big Ed's Plumbing,Tucson,https://bigedsplumbing.com/,,Quick fix for your website - more emergency calls,"Hi Big,

I noticed your site at https://bigedsplumbing.com/ could be losing emergency plumbing calls.

I rebuilt your homepage to show exactly what I mean:
file://E:\playground\Plumber\demo_sites\Tucson\Big_Eds_Plumbing.html

Here's what I fixed:
- Added a sticky ""Call Now"" button
- Made your phone number prominent on every page
- Created a sense of urgency for emergency services

Would you like me to walk you through the changes? It's completely free to look at.

Best regards,
Alex

---
To unsubscribe, reply STOP
",Quick fix for your website - this could bring more emergency calls: file://E:\playground\Plumber\demo_sites\Tucson\Big_Eds_Plumbing.html,file://E:\playground\Plumber\demo_sites\Tucson\Big_Eds_Plumbing.html,READY_TO_SEND
Tucson 24 Hour Plumber and Drain,Tucson,http://tucson24hourplumberanddrain.com/,(520) 252-4044,Quick fix for your website - more emergency calls,"Hi Tucson,

I noticed your site at http://tucson24hourplumberanddrain.com/ could be losing emergency plumbing calls.

I rebuilt your homepage to show exactly what I mean:
file://E:\playground\Plumber\demo_sites\Tucson\Tucson_24_Hour_Plumber_and_Drain.html

Here's what I fixed:
- Added a sticky ""Call Now"" button
- Made your phone number prominent on every page
- Created a sense of urgency for emergency services

Would you like me to walk you through the changes? It's completely free to look at.

Best regards,
Alex

---
To unsubscribe, reply STOP
",Quick fix for your website - this could bring more emergency calls: file://E:\playground\Plumber\demo_sites\Tucson\Tucson_24_Hour_Plumber_and_Drain.html,file://E:\playground\Plumber\demo_sites\Tucson\Tucson_24_Hour_Plumber_and_Drain.html,READY_TO_SEND
A.S.G. Plumbing Enterprises,Tucson,https://tucsonazplumber.com/,(520) 333-2121,Quick fix for your website - more emergency calls,"Hi there,

I noticed your site at https://tucsonazplumber.com/ could be losing emergency plumbing calls.

I rebuilt your homepage to show exactly what I mean:
file://E:\playground\Plumber\demo_sites\Tucson\ASG_Plumbing_Enterprises.html

Here's what I fixed:
- Added a sticky ""Call Now"" button
- Made your phone number prominent on every page
- Created a sense of urgency for emergency services

Would you like me to walk you through the changes? It's completely free to look at.

Best regards,
Alex

---
To unsubscribe, reply STOP
",Quick fix for your website - this could bring more emergency calls: file://E:\playground\Plumber\demo_sites\Tucson\ASG_Plumbing_Enterprises.html,file://E:\playground\Plumber\demo_sites\Tucson\ASG_Plumbing_Enterprises.html,READY_TO_SEND
Cummings Plumbing Heating and Cooling,Tucson,https://cummingsplumbingtucsonaz.com/,(520) 333-2121,Quick fix for your website - more emergency calls,"Hi Cummings,

I noticed your site at https://cummingsplumbingtucsonaz.com/ could be losing emergency plumbing calls.

I rebuilt your homepage to show exactly what I mean:
file://E:\playground\Plumber\demo_sites\Tucson\Cummings_Plumbing_Heating_and_Cooling.html

Here's what I fixed:
- Added a sticky ""Call Now"" button
- Made your phone number prominent on every page
- Created a sense of urgency for emergency services

Would you like me to walk you through the changes? It's completely free to look at.

Best regards,
Alex

---
To unsubscribe, reply STOP
",Quick fix for your website - this could bring more emergency calls: file://E:\playground\Plumber\demo_sites\Tucson\Cummings_Plumbing_Heating_and_Cooling.html,file://E:\playground\Plumber\demo_sites\Tucson\Cummings_Plumbing_Heating_and_Cooling.html,READY_TO_SEND
Roto-Rooter Tucson,Tucson,https://www.rotorooter.com/tucson/,(520) 518-3769,Quick fix for your website - more emergency calls,"Hi there,

I noticed your site at https://www.rotorooter.com/tucson/ could be losing emergency plumbing calls.

I rebuilt your homepage to show exactly what I mean:
file://E:\playground\Plumber\demo_sites\Tucson\Roto-Rooter_Tucson.html

Here's what I fixed:
- Added a sticky ""Call Now"" button
- Made your phone number prominent on every page
- Created a sense of urgency for emergency services

Would you like me to walk you through the changes? It's completely free to look at.

Best regards,
Alex

---
To unsubscribe, reply STOP
",Quick fix for your website - this could bring more emergency calls: file://E:\playground\Plumber\demo_sites\Tucson\Roto-Rooter_Tucson.html,file://E:\playground\Plumber\demo_sites\Tucson\Roto-Rooter_Tucson.html,READY_TO_SEND
Al Coronado Plumbing,Tucson,https://alcoronadoplumbing.com/,,Quick fix for your website - more emergency calls,"Hi Al,

I noticed your site at https://alcoronadoplumbing.com/ could be losing emergency plumbing calls.

I rebuilt your homepage to show exactly what I mean:
file://E:\playground\Plumber\demo_sites\Tucson\Al_Coronado_Plumbing.html

Here's what I fixed:
- Added a sticky ""Call Now"" button
- Made your phone number prominent on every page
- Created a sense of urgency for emergency services

Would you like me to walk you through the changes? It's completely free to look at.

Best regards,
Alex

---
To unsubscribe, reply STOP
",Quick fix for your website - this could bring more emergency calls: file://E:\playground\Plumber\demo_sites\Tucson\Al_Coronado_Plumbing.html,file://E:\playground\Plumber\demo_sites\Tucson\Al_Coronado_Plumbing.html,READY_TO_SEND
Right Now Plumbing,Tucson,https://rightnowplumbingtucson.com/,,Quick fix for your website - more emergency calls,"Hi Right,

I noticed your site at https://rightnowplumbingtucson.com/ could be losing emergency plumbing calls.

I rebuilt your homepage to show exactly what I mean:
file://E:\playground\Plumber\demo_sites\Tucson\Right_Now_Plumbing.html

Here's what I fixed:
- Added a sticky ""Call Now"" button
- Made your phone number prominent on every page
- Created a sense of urgency for emergency services

Would you like me to walk you through the changes? It's completely free to look at.

Best regards,
Alex

---
To unsubscribe, reply STOP
",Quick fix for your website - this could bring more emergency calls: file://E:\playground\Plumber\demo_sites\Tucson\Right_Now_Plumbing.html,file://E:\playground\Plumber\demo_sites\Tucson\Right_Now_Plumbing.html,READY_TO_SEND
Tucson Plumbing Pros,Tucson,https://tucsonplumbingprosaz.com/,(520) 438-6111,Quick fix for your website - more emergency calls,"Hi Tucson,

I noticed your site at https://tucsonplumbingprosaz.com/ could be losing emergency plumbing calls.

I rebuilt your homepage to show exactly what I mean:
file://E:\playground\Plumber\demo_sites\Tucson\Tucson_Plumbing_Pros.html

Here's what I fixed:
- Added a sticky ""Call Now"" button
- Made your phone number prominent on every page
- Created a sense of urgency for emergency services

Would you like me to walk you through the changes? It's completely free to look at.

Best regards,
Alex

---
To unsubscribe, reply STOP
",Quick fix for your website - this could bring more emergency calls: file://E:\playground\Plumber\demo_sites\Tucson\Tucson_Plumbing_Pros.html,file://E:\playground\Plumber\demo_sites\Tucson\Tucson_Plumbing_Pros.html,READY_TO_SEND
On The Way Plumbing,Tucson,https://otwplumbing.com/,,Quick fix for your website - more emergency calls,"Hi On,

I noticed your site at https://otwplumbing.com/ could be losing emergency plumbing calls.

I rebuilt your homepage to show exactly what I mean:
file://E:\playground\Plumber\demo_sites\Tucson\On_The_Way_Plumbing.html

Here's what I fixed:
- Added a sticky ""Call Now"" button
- Made your phone number prominent on every page
- Created a sense of urgency for emergency services

Would you like me to walk you through the changes? It's completely free to look at.

Best regards,
Alex

---
To unsubscribe, reply STOP
",Quick fix for your website - this could bring more emergency calls: file://E:\playground\Plumber\demo_sites\Tucson\On_The_Way_Plumbing.html,file://E:\playground\Plumber\demo_sites\Tucson\On_The_Way_Plumbing.html,READY_TO_SEND
Phoenix Plumbing,Phoenix,https://phoenixplumbing.co/,(602) 834-1208,Quick fix for your website - more emergency calls,"Hi Phoenix,

I noticed your site at https://phoenixplumbing.co/ could be losing emergency plumbing calls.

I rebuilt your homepage to show exactly what I mean:
file://E:\playground\Plumber\demo_sites\Phoenix\Phoenix_Plumbing.html

Here's what I fixed:
- Added a sticky ""Call Now"" button
- Made your phone number prominent on every page
- Created a sense of urgency for emergency services

Would you like me to walk you through the changes? It's completely free to look at.

Best regards,
Alex

---
To unsubscribe, reply STOP
",Quick fix for your website - this could bring more emergency calls: file://E:\playground\Plumber\demo_sites\Phoenix\Phoenix_Plumbing.html,file://E:\playground\Plumber\demo_sites\Phoenix\Phoenix_Plumbing.html,READY_TO_SEND
The Aussie Plumber,Phoenix,https://theaussieplumber.com/,,Quick fix for your website - more emergency calls,"Hi The,

I noticed your site at https://theaussieplumber.com/ could be losing emergency plumbing calls.

I rebuilt your homepage to show exactly what I mean:
file://E:\playground\Plumber\demo_sites\Phoenix\The_Aussie_Plumber.html

Here's what I fixed:
- Added a sticky ""Call Now"" button
- Made your phone number prominent on every page
- Created a sense of urgency for emergency services

Would you like me to walk you through the changes? It's completely free to look at.

Best regards,
Alex

---
To unsubscribe, reply STOP
",Quick fix for your website - this could bring more emergency calls: file://E:\playground\Plumber\demo_sites\Phoenix\The_Aussie_Plumber.html,file://E:\playground\Plumber\demo_sites\Phoenix\The_Aussie_Plumber.html,READY_TO_SEND
Rock Plumbing AZ,Phoenix,https://rockplumbingaz.com/,,Quick fix for your website - more emergency calls,"Hi Rock,

I noticed your site at https://rockplumbingaz.com/ could be losing emergency plumbing calls.

I rebuilt your homepage to show exactly what I mean:
file://E:\playground\Plumber\demo_sites\Phoenix\Rock_Plumbing_AZ.html

Here's what I fixed:
- Added a sticky ""Call Now"" button
- Made your phone number prominent on every page
- Created a sense of urgency for emergency services

Would you like me to walk you through the changes? It's completely free to look at.

Best regards,
Alex

---
To unsubscribe, reply STOP
",Quick fix for your website - this could bring more emergency calls: file://E:\playground\Plumber\demo_sites\Phoenix\Rock_Plumbing_AZ.html,file://E:\playground\Plumber\demo_sites\Phoenix\Rock_Plumbing_AZ.html,READY_TO_SEND
Dr. Pipes Phoenix,Phoenix,https://www.drpipes.com/az/maricopa/phoenix.html,,Quick fix for your website - more emergency calls,"Hi there,

I noticed your site at https://www.drpipes.com/az/maricopa/phoenix.html could be losing emergency plumbing calls.

I rebuilt your homepage to show exactly what I mean:
file://E:\playground\Plumber\demo_sites\Phoenix\Dr_Pipes_Phoenix.html

Here's what I fixed:
- Added a sticky ""Call Now"" button
- Made your phone number prominent on every page
- Created a sense of urgency for emergency services

Would you like me to walk you through the changes? It's completely free to look at.

Best regards,
Alex

---
To unsubscribe, reply STOP
",Quick fix for your website - this could bring more emergency calls: file://E:\playground\Plumber\demo_sites\Phoenix\Dr_Pipes_Phoenix.html,file://E:\playground\Plumber\demo_sites\Phoenix\Dr_Pipes_Phoenix.html,READY_TO_SEND
Okane Plumbing,Phoenix,https://phoenix-az.okaneplumbingandelectrics.com/,(833) 876-1141,Quick fix for your website - more emergency calls,"Hi Okane,

I noticed your site at https://phoenix-az.okaneplumbingandelectrics.com/ could be losing emergency plumbing calls.

I rebuilt your homepage to show exactly what I mean:
file://E:\playground\Plumber\demo_sites\Phoenix\Okane_Plumbing.html

Here's what I fixed:
- Added a sticky ""Call Now"" button
- Made your phone number prominent on every page
- Created a sense of urgency for emergency services

Would you like me to walk you through the changes? It's completely free to look at.

Best regards,
Alex

---
To unsubscribe, reply STOP
",Quick fix for your website - this could bring more emergency calls: file://E:\playground\Plumber\demo_sites\Phoenix\Okane_Plumbing.html,file://E:\playground\Plumber\demo_sites\Phoenix\Okane_Plumbing.html,READY_TO_SEND
Roto-Rooter Phoenix,Phoenix,https://www.rotorooter.com/phoenix/,(623) 915-0995,Quick fix for your website - more emergency calls,"Hi there,

I noticed your site at https://www.rotorooter.com/phoenix/ could be losing emergency plumbing calls.

I rebuilt your homepage to show exactly what I mean:
file://E:\playground\Plumber\demo_sites\Phoenix\Roto-Rooter_Phoenix.html

Here's what I fixed:
- Added a sticky ""Call Now"" button
- Made your phone number prominent on every page
- Created a sense of urgency for emergency services

Would you like me to walk you through the changes? It's completely free to look at.

Best regards,
Alex

---
To unsubscribe, reply STOP
",Quick fix for your website - this could bring more emergency calls: file://E:\playground\Plumber\demo_sites\Phoenix\Roto-Rooter_Phoenix.html,file://E:\playground\Plumber\demo_sites\Phoenix\Roto-Rooter_Phoenix.html,READY_TO_SEND
Parker & Sons,Phoenix,https://www.parkerandsons.com/,,Quick fix for your website - more emergency calls,"Hi Parker,

I noticed your site at https://www.parkerandsons.com/ could be losing emergency plumbing calls.

I rebuilt your homepage to show exactly what I mean:
file://E:\playground\Plumber\demo_sites\Phoenix\Parker__Sons.html

Here's what I fixed:
- Added a sticky ""Call Now"" button
- Made your phone number prominent on every page
- Created a sense of urgency for emergency services

Would you like me to walk you through the changes? It's completely free to look at.

Best regards,
Alex

---
To unsubscribe, reply STOP
",Quick fix for your website - this could bring more emergency calls: file://E:\playground\Plumber\demo_sites\Phoenix\Parker__Sons.html,file://E:\playground\Plumber\demo_sites\Phoenix\Parker__Sons.html,READY_TO_SEND
Simon's Plumbing,Phoenix,https://simonsplumbingaz.com/,(602) 739-4117,Quick fix for your website - more emergency calls,"Hi Simon,

I noticed your site at https://simonsplumbingaz.com/ could be losing emergency plumbing calls.

I rebuilt your homepage to show exactly what I mean:
file://E:\playground\Plumber\demo_sites\Phoenix\Simons_Plumbing.html

Here's what I fixed:
- Added a sticky ""Call Now"" button
- Made your phone number prominent on every page
- Created a sense of urgency for emergency services

Would you like me to walk you through the changes? It's completely free to look at.

Best regards,
Alex

---
To unsubscribe, reply STOP
",Quick fix for your website - this could bring more emergency calls: file://E:\playground\Plumber\demo_sites\Phoenix\Simons_Plumbing.html,file://E:\playground\Plumber\demo_sites\Phoenix\Simons_Plumbing.html,READY_TO_SEND
Quail Plumbing,Phoenix,https://www.quailplumbing.com/,(602) 493-9822,Quick fix for your website - more emergency calls,"Hi Quail,

I noticed your site at https://www.quailplumbing.com/ could be losing emergency plumbing calls.

I rebuilt your homepage to show exactly what I mean:
file://E:\playground\Plumber\demo_sites\Phoenix\Quail_Plumbing.html

Here's what I fixed:
- Added a sticky ""Call Now"" button
- Made your phone number prominent on every page
- Created a sense of urgency for emergency services

Would you like me to walk you through the changes? It's completely free to look at.

Best regards,
Alex

---
To unsubscribe, reply STOP
",Quick fix for your website - this could bring more emergency calls: file://E:\playground\Plumber\demo_sites\Phoenix\Quail_Plumbing.html,file://E:\playground\Plumber\demo_sites\Phoenix\Quail_Plumbing.html,READY_TO_SEND
Howard Air & Plumbing,Phoenix,https://howardair.com/,(480) 508-9866,Quick fix for your website - more emergency calls,"Hi Howard,

I noticed your site at https://howardair.com/ could be losing emergency plumbing calls.

I rebuilt your homepage to show exactly what I mean:
file://E:\playground\Plumber\demo_sites\Phoenix\Howard_Air__Plumbing.html

Here's what I fixed:
- Added a sticky ""Call Now"" button
- Made your phone number prominent on every page
- Created a sense of urgency for emergency services

Would you like me to walk you through the changes? It's completely free to look at.

Best regards,
Alex

---
To unsubscribe, reply STOP
",Quick fix for your website - this could bring more emergency calls: file://E:\playground\Plumber\demo_sites\Phoenix\Howard_Air__Plumbing.html,file://E:\playground\Plumber\demo_sites\Phoenix\Howard_Air__Plumbing.html,READY_TO_SEND
Glens Plumbing,Dallas,http://glensplumbing.com/,(214) 429-4634,Quick fix for your website - more emergency calls,"Hi Glens,

I noticed your site at http://glensplumbing.com/ could be losing emergency plumbing calls.

I rebuilt your homepage to show exactly what I mean:
file://E:\playground\Plumber\demo_sites\Dallas\Glens_Plumbing.html

Here's what I fixed:
- Added a sticky ""Call Now"" button
- Made your phone number prominent on every page
- Created a sense of urgency for emergency services

Would you like me to walk you through the changes? It's completely free to look at.

Best regards,
Alex

---
To unsubscribe, reply STOP
",Quick fix for your website - this could bring more emergency calls: file://E:\playground\Plumber\demo_sites\Dallas\Glens_Plumbing.html,file://E:\playground\Plumber\demo_sites\Dallas\Glens_Plumbing.html,READY_TO_SEND
1-800-Plumber Dallas,Dallas,https://1800plumber.com/dallas-tx/,(214) 935-8547,Quick fix for your website - more emergency calls,"Hi there,

I noticed your site at https://1800plumber.com/dallas-tx/ could be losing emergency plumbing calls.

I rebuilt your homepage to show exactly what I mean:
file://E:\playground\Plumber\demo_sites\Dallas\1-800-Plumber_Dallas.html

Here's what I fixed:
- Added a sticky ""Call Now"" button
- Made your phone number prominent on every page
- Created a sense of urgency for emergency services

Would you like me to walk you through the changes? It's completely free to look at.

Best regards,
Alex

---
To unsubscribe, reply STOP
",Quick fix for your website - this could bring more emergency calls: file://E:\playground\Plumber\demo_sites\Dallas\1-800-Plumber_Dallas.html,file://E:\playground\Plumber\demo_sites\Dallas\1-800-Plumber_Dallas.html,READY_TO_SEND
448 Plumbing,Dallas,https://www.448plumbing.com/,,Quick fix for your website - more emergency calls,"Hi there,

I noticed your site at https://www.448plumbing.com/ could be losing emergency plumbing calls.

I rebuilt your homepage to show exactly what I mean:
file://E:\playground\Plumber\demo_sites\Dallas\448_Plumbing.html

Here's what I fixed:
- Added a sticky ""Call Now"" button
- Made your phone number prominent on every page
- Created a sense of urgency for emergency services

Would you like me to walk you through the changes? It's completely free to look at.

Best regards,
Alex

---
To unsubscribe, reply STOP
",Quick fix for your website - this could bring more emergency calls: file://E:\playground\Plumber\demo_sites\Dallas\448_Plumbing.html,file://E:\playground\Plumber\demo_sites\Dallas\448_Plumbing.html,READY_TO_SEND
Texas Rooter,Dallas,https://www.texasrooter.com/,,Quick fix for your website - more emergency calls,"Hi Texas,

I noticed your site at https://www.texasrooter.com/ could be losing emergency plumbing calls.

I rebuilt your homepage to show exactly what I mean:
file://E:\playground\Plumber\demo_sites\Dallas\Texas_Rooter.html

Here's what I fixed:
- Added a sticky ""Call Now"" button
- Made your phone number prominent on every page
- Created a sense of urgency for emergency services

Would you like me to walk you through the changes? It's completely free to look at.

Best regards,
Alex

---
To unsubscribe, reply STOP
",Quick fix for your website - this could bring more emergency calls: file://E:\playground\Plumber\demo_sites\Dallas\Texas_Rooter.html,file://E:\playground\Plumber\demo_sites\Dallas\Texas_Rooter.html,READY_TO_SEND
Baker Brothers Plumbing,Dallas,https://bakerbrothersplumbing.com/,(214) 296-2136,Quick fix for your website - more emergency calls,"Hi Baker,

I noticed your site at https://bakerbrothersplumbing.com/ could be losing emergency plumbing calls.

I rebuilt your homepage to show exactly what I mean:
file://E:\playground\Plumber\demo_sites\Dallas\Baker_Brothers_Plumbing.html

Here's what I fixed:
- Added a sticky ""Call Now"" button
- Made your phone number prominent on every page
- Created a sense of urgency for emergency services

Would you like me to walk you through the changes? It's completely free to look at.

Best regards,
Alex

---
To unsubscribe, reply STOP
",Quick fix for your website - this could bring more emergency calls: file://E:\playground\Plumber\demo_sites\Dallas\Baker_Brothers_Plumbing.html,file://E:\playground\Plumber\demo_sites\Dallas\Baker_Brothers_Plumbing.html,READY_TO_SEND
Emergency Plumbing on Call,Dallas,https://emergencyplumbingoncall.com/,(972) 597-5959,Quick fix for your website - more emergency calls,"Hi Emergency,

I noticed your site at https://emergencyplumbingoncall.com/ could be losing emergency plumbing calls.

I rebuilt your homepage to show exactly what I mean:
file://E:\playground\Plumber\demo_sites\Dallas\Emergency_Plumbing_on_Call.html

Here's what I fixed:
- Added a sticky ""Call Now"" button
- Made your phone number prominent on every page
- Created a sense of urgency for emergency services

Would you like me to walk you through the changes? It's completely free to look at.

Best regards,
Alex

---
To unsubscribe, reply STOP
",Quick fix for your website - this could bring more emergency calls: file://E:\playground\Plumber\demo_sites\Dallas\Emergency_Plumbing_on_Call.html,file://E:\playground\Plumber\demo_sites\Dallas\Emergency_Plumbing_on_Call.html,READY_TO_SEND
Lee's Air Plumbing,Dallas,https://leesair.com/,,Quick fix for your website - more emergency calls,"Hi Lee,

I noticed your site at https://leesair.com/ could be losing emergency plumbing calls.

I rebuilt your homepage to show exactly what I mean:
file://E:\playground\Plumber\demo_sites\Dallas\Lees_Air_Plumbing.html

Here's what I fixed:
- Added a sticky ""Call Now"" button
- Made your phone number prominent on every page
- Created a sense of urgency for emergency services

Would you like me to walk you through the changes? It's completely free to look at.

Best regards,
Alex

---
To unsubscribe, reply STOP
",Quick fix for your website - this could bring more emergency calls: file://E:\playground\Plumber\demo_sites\Dallas\Lees_Air_Plumbing.html,file://E:\playground\Plumber\demo_sites\Dallas\Lees_Air_Plumbing.html,READY_TO_SEND
Pure Plumbing DFW,Dallas,https://www.pureplumbingdfw.com/,,Quick fix for your website - more emergency calls,"Hi Pure,

I noticed your site at https://www.pureplumbingdfw.com/ could be losing emergency plumbing calls.

I rebuilt your homepage to show exactly what I mean:
file://E:\playground\Plumber\demo_sites\Dallas\Pure_Plumbing_DFW.html

Here's what I fixed:
- Added a sticky ""Call Now"" button
- Made your phone number prominent on every page
- Created a sense of urgency for emergency services

Would you like me to walk you through the changes? It's completely free to look at.

Best regards,
Alex

---
To unsubscribe, reply STOP
",Quick fix for your website - this could bring more emergency calls: file://E:\playground\Plumber\demo_sites\Dallas\Pure_Plumbing_DFW.html,file://E:\playground\Plumber\demo_sites\Dallas\Pure_Plumbing_DFW.html,READY_TO_SEND
Reliant Plumbing,Dallas,https://reliantplumbing.com/,,Quick fix for your website - more emergency calls,"Hi Reliant,

I noticed your site at https://reliantplumbing.com/ could be losing emergency plumbing calls.

I rebuilt your homepage to show exactly what I mean:
file://E:\playground\Plumber\demo_sites\Dallas\Reliant_Plumbing.html

Here's what I fixed:
- Added a sticky ""Call Now"" button
- Made your phone number prominent on every page
- Created a sense of urgency for emergency services

Would you like me to walk you through the changes? It's completely free to look at.

Best regards,
Alex

---
To unsubscribe, reply STOP
",Quick fix for your website - this could bring more emergency calls: file://E:\playground\Plumber\demo_sites\Dallas\Reliant_Plumbing.html,file://E:\playground\Plumber\demo_sites\Dallas\Reliant_Plumbing.html,READY_TO_SEND
Astar Air Conditioning,Dallas,https://astardfw.com/,,Quick fix for your website - more emergency calls,"Hi Astar,

I noticed your site at https://astardfw.com/ could be losing emergency plumbing calls.

I rebuilt your homepage to show exactly what I mean:
file://E:\playground\Plumber\demo_sites\Dallas\Astar_Air_Conditioning.html

Here's what I fixed:
- Added a sticky ""Call Now"" button
- Made your phone number prominent on every page
- Created a sense of urgency for emergency services

Would you like me to walk you through the changes? It's completely free to look at.

Best regards,
Alex

---
To unsubscribe, reply STOP
",Quick fix for your website - this could bring more emergency calls: file://E:\playground\Plumber\demo_sites\Dallas\Astar_Air_Conditioning.html,file://E:\playground\Plumber\demo_sites\Dallas\Astar_Air_Conditioning.html,READY_TO_SEND
All Hours Plumber Tampa,Tampa,https://allhoursplumber.com/,,Quick fix for your website - more emergency calls,"Hi All,

I noticed your site at https://allhoursplumber.com/ could be losing emergency plumbing calls.

I rebuilt your homepage to show exactly what I mean:
file://E:\playground\Plumber\demo_sites\Tampa\All_Hours_Plumber_Tampa.html

Here's what I fixed:
- Added a sticky ""Call Now"" button
- Made your phone number prominent on every page
- Created a sense of urgency for emergency services

Would you like me to walk you through the changes? It's completely free to look at.

Best regards,
Alex

---
To unsubscribe, reply STOP
",,file://E:\playground\Plumber\demo_sites\Tampa\All_Hours_Plumber_Tampa.html,READY_TO_SEND
ABC Plumbing Tampa Bay,Tampa,https://www.4abc.com/,(813) 452-5952,Quick fix for your website - more emergency calls,"Hi ABC,

I noticed your site at https://www.4abc.com/ could be losing emergency plumbing calls.

I rebuilt your homepage to show exactly what I mean:
file://E:\playground\Plumber\demo_sites\Tampa\ABC_Plumbing_Tampa_Bay.html

Here's what I fixed:
- Added a sticky ""Call Now"" button
- Made your phone number prominent on every page
- Created a sense of urgency for emergency services

Would you like me to walk you through the changes? It's completely free to look at.

Best regards,
Alex

---
To unsubscribe, reply STOP
",,file://E:\playground\Plumber\demo_sites\Tampa\ABC_Plumbing_Tampa_Bay.html,READY_TO_SEND
Tampa Emergency Plumbing,Tampa,https://emergencyplumbertampa.com/,(813) 489-6968,Quick fix for your website - more emergency calls,"Hi Tampa,

I noticed your site at https://emergencyplumbertampa.com/ could be losing emergency plumbing calls.

I rebuilt your homepage to show exactly what I mean:
file://E:\playground\Plumber\demo_sites\Tampa\Tampa_Emergency_Plumbing.html

Here's what I fixed:
- Added a sticky ""Call Now"" button
- Made your phone number prominent on every page
- Created a sense of urgency for emergency services

Would you like me to walk you through the changes? It's completely free to look at.

Best regards,
Alex

---
To unsubscribe, reply STOP
",,file://E:\playground\Plumber\demo_sites\Tampa\Tampa_Emergency_Plumbing.html,READY_TO_SEND
Everyday Plumber,Tampa,https://everydayplumber.com/,,Quick fix for your website - more emergency calls,"Hi Everyday,

I noticed your site at https://everydayplumber.com/ could be losing emergency plumbing calls.

I rebuilt your homepage to show exactly what I mean:
file://E:\playground\Plumber\demo_sites\Tampa\Everyday_Plumber.html

Here's what I fixed:
- Added a sticky ""Call Now"" button
- Made your phone number prominent on every page
- Created a sense of urgency for emergency services

Would you like me to walk you through the changes? It's completely free to look at.

Best regards,
Alex

---
To unsubscribe, reply STOP
",,file://E:\playground\Plumber\demo_sites\Tampa\Everyday_Plumber.html,READY_TO_SEND
Dr. Pipes Tampa,Tampa,https://www.drpipes.com/fl/hillsborough/tampa.html,,Quick fix for your website - more emergency calls,"Hi there,

I noticed your site at https://www.drpipes.com/fl/hillsborough/tampa.html could be losing emergency plumbing calls.

I rebuilt your homepage to show exactly what I mean:
file://E:\playground\Plumber\demo_sites\Tampa\Dr_Pipes_Tampa.html

Here's what I fixed:
- Added a sticky ""Call Now"" button
- Made your phone number prominent on every page
- Created a sense of urgency for emergency services

Would you like me to walk you through the changes? It's completely free to look at.

Best regards,
Alex

---
To unsubscribe, reply STOP
",,file://E:\playground\Plumber\demo_sites\Tampa\Dr_Pipes_Tampa.html,READY_TO_SEND
Roto-Rooter Tampa,Tampa,https://www.rotorooter.com/tampa/,(813) 980-6000,Quick fix for your website - more emergency calls,"Hi there,

I noticed your site at https://www.rotorooter.com/tampa/ could be losing emergency plumbing calls.

I rebuilt your homepage to show exactly what I mean:
file://E:\playground\Plumber\demo_sites\Tampa\Roto-Rooter_Tampa.html

Here's what I fixed:
- Added a sticky ""Call Now"" button
- Made your phone number prominent on every page
- Created a sense of urgency for emergency services

Would you like me to walk you through the changes? It's completely free to look at.

Best regards,
Alex

---
To unsubscribe, reply STOP
",,file://E:\playground\Plumber\demo_sites\Tampa\Roto-Rooter_Tampa.html,READY_TO_SEND
Benjamin Franklin Plumbing Tampa,Tampa,https://www.benjaminfranklinplumbing.com/tampa/,,Quick fix for your website - more emergency calls,"Hi Benjamin,

I noticed your site at https://www.benjaminfranklinplumbing.com/tampa/ could be losing emergency plumbing calls.

I rebuilt your homepage to show exactly what I mean:
file://E:\playground\Plumber\demo_sites\Tampa\Benjamin_Franklin_Plumbing_Tampa.html

Here's what I fixed:
- Added a sticky ""Call Now"" button
- Made your phone number prominent on every page
- Created a sense of urgency for emergency services

Would you like me to walk you through the changes? It's completely free to look at.

Best regards,
Alex

---
To unsubscribe, reply STOP
",,file://E:\playground\Plumber\demo_sites\Tampa\Benjamin_Franklin_Plumbing_Tampa.html,READY_TO_SEND
1 Tom Plumber Tampa,Tampa,https://www.1tomplumber.com/tampa-fl/,,Quick fix for your website - more emergency calls,"Hi there,

I noticed your site at https://www.1tomplumber.com/tampa-fl/ could be losing emergency plumbing calls.

I rebuilt your homepage to show exactly what I mean:
file://E:\playground\Plumber\demo_sites\Tampa\1_Tom_Plumber_Tampa.html

Here's what I fixed:
- Added a sticky ""Call Now"" button
- Made your phone number prominent on every page
- Created a sense of urgency for emergency services

Would you like me to walk you through the changes? It's completely free to look at.

Best regards,
Alex

---
To unsubscribe, reply STOP
",,file://E:\playground\Plumber\demo_sites\Tampa\1_Tom_Plumber_Tampa.html,READY_TO_SEND
Grable Plumbing & Air,Tampa,https://grableplumbing.com/,(813) 239-3636,Quick fix for your website - more emergency calls,"Hi Grable,

I noticed your site at https://grableplumbing.com/ could be losing emergency plumbing calls.

I rebuilt your homepage to show exactly what I mean:
file://E:\playground\Plumber\demo_sites\Tampa\Grable_Plumbing__Air.html

Here's what I fixed:
- Added a sticky ""Call Now"" button
- Made your phone number prominent on every page
- Created a sense of urgency for emergency services

Would you like me to walk you through the changes? It's completely free to look at.

Best regards,
Alex

---
To unsubscribe, reply STOP
",,file://E:\playground\Plumber\demo_sites\Tampa\Grable_Plumbing__Air.html,READY_TO_SEND
Stewart Bros Plumbing,Tampa,https://stewartbrosplumbing.com/,(813) 602-0700,Quick fix for your website - more emergency calls,"Hi Stewart,

I noticed your site at https://stewartbrosplumbing.com/ could be losing emergency plumbing calls.

I rebuilt your homepage to show exactly what I mean:
file://E:\playground\Plumber\demo_sites\Tampa\Stewart_Bros_Plumbing.html

Here's what I fixed:
- Added a sticky ""Call Now"" button
- Made your phone number prominent on every page
- Created a sense of urgency for emergency services

Would you like me to walk you through the changes? It's completely free to look at.

Best regards,
Alex

---
To unsubscribe, reply STOP
",,file://E:\playground\Plumber\demo_sites\Tampa\Stewart_Bros_Plumbing.html,READY_TO_SEND
247 Las Vegas Plumber,Las Vegas,https://247lasvegasplumber.com/,,Quick fix for your website - more emergency calls,"Hi there,

I noticed your site at https://247lasvegasplumber.com/ could be losing emergency plumbing calls.

I rebuilt your homepage to show exactly what I mean:
file://E:\playground\Plumber\demo_sites\Las_Vegas\247_Las_Vegas_Plumber.html

Here's what I fixed:
- Added a sticky ""Call Now"" button
- Made your phone number prominent on every page
- Created a sense of urgency for emergency services

Would you like me to walk you through the changes? It's completely free to look at.

Best regards,
Alex

---
To unsubscribe, reply STOP
",,file://E:\playground\Plumber\demo_sites\Las_Vegas\247_Las_Vegas_Plumber.html,READY_TO_SEND
Larkin Plumbing,Las Vegas,https://www.larkinplumbingservice.com/,,Quick fix for your website - more emergency calls,"Hi Larkin,

I noticed your site at https://www.larkinplumbingservice.com/ could be losing emergency plumbing calls.

I rebuilt your homepage to show exactly what I mean:
file://E:\playground\Plumber\demo_sites\Las_Vegas\Larkin_Plumbing.html

Here's what I fixed:
- Added a sticky ""Call Now"" button
- Made your phone number prominent on every page
- Created a sense of urgency for emergency services

Would you like me to walk you through the changes? It's completely free to look at.

Best regards,
Alex

---
To unsubscribe, reply STOP
",,file://E:\playground\Plumber\demo_sites\Las_Vegas\Larkin_Plumbing.html,READY_TO_SEND
Precision Plumbing LV,Las Vegas,https://www.precisionplumbinglv.com/,,Quick fix for your website - more emergency calls,"Hi Precision,

I noticed your site at https://www.precisionplumbinglv.com/ could be losing emergency plumbing calls.

I rebuilt your homepage to show exactly what I mean:
file://E:\playground\Plumber\demo_sites\Las_Vegas\Precision_Plumbing_LV.html

Here's what I fixed:
- Added a sticky ""Call Now"" button
- Made your phone number prominent on every page
- Created a sense of urgency for emergency services

Would you like me to walk you through the changes? It's completely free to look at.

Best regards,
Alex

---
To unsubscribe, reply STOP
",,file://E:\playground\Plumber\demo_sites\Las_Vegas\Precision_Plumbing_LV.html,READY_TO_SEND
Roto-Rooter Las Vegas,Las Vegas,https://www.rotorooter.com/lasvegas/,(702) 931-3831,Quick fix for your website - more emergency calls,"Hi there,

I noticed your site at https://www.rotorooter.com/lasvegas/ could be losing emergency plumbing calls.

I rebuilt your homepage to show exactly what I mean:
file://E:\playground\Plumber\demo_sites\Las_Vegas\Roto-Rooter_Las_Vegas.html

Here's what I fixed:
- Added a sticky ""Call Now"" button
- Made your phone number prominent on every page
- Created a sense of urgency for emergency services

Would you like me to walk you through the changes? It's completely free to look at.

Best regards,
Alex

---
To unsubscribe, reply STOP
",,file://E:\playground\Plumber\demo_sites\Las_Vegas\Roto-Rooter_Las_Vegas.html,READY_TO_SEND
Anytime Plumbing Vegas,Las Vegas,https://anytimeplumbingvegas.com/,(725) 237-1727,Quick fix for your website - more emergency calls,"Hi Anytime,

I noticed your site at https://anytimeplumbingvegas.com/ could be losing emergency plumbing calls.

I rebuilt your homepage to show exactly what I mean:
file://E:\playground\Plumber\demo_sites\Las_Vegas\Anytime_Plumbing_Vegas.html

Here's what I fixed:
- Added a sticky ""Call Now"" button
- Made your phone number prominent on every page
- Created a sense of urgency for emergency services

Would you like me to walk you through the changes? It's completely free to look at.

Best regards,
Alex

---
To unsubscribe, reply STOP
",,file://E:\playground\Plumber\demo_sites\Las_Vegas\Anytime_Plumbing_Vegas.html,READY_TO_SEND
Monkey Wrench Plumbing,Las Vegas,https://www.monkeywrenchlv.com/,(702) 900-5992,Quick fix for your website - more emergency calls,"Hi Monkey,

I noticed your site at https://www.monkeywrenchlv.com/ could be losing emergency plumbing calls.

I rebuilt your homepage to show exactly what I mean:
file://E:\playground\Plumber\demo_sites\Las_Vegas\Monkey_Wrench_Plumbing.html

Here's what I fixed:
- Added a sticky ""Call Now"" button
- Made your phone number prominent on every page
- Created a sense of urgency for emergency services

Would you like me to walk you through the changes? It's completely free to look at.

Best regards,
Alex

---
To unsubscribe, reply STOP
",,file://E:\playground\Plumber\demo_sites\Las_Vegas\Monkey_Wrench_Plumbing.html,READY_TO_SEND
Code Red Emergency Plumbing,Las Vegas,https://coderedplumbing.com/,(702) 949-6599,Quick fix for your website - more emergency calls,"Hi Code,

I noticed your site at https://coderedplumbing.com/ could be losing emergency plumbing calls.

I rebuilt your homepage to show exactly what I mean:
file://E:\playground\Plumber\demo_sites\Las_Vegas\Code_Red_Emergency_Plumbing.html

Here's what I fixed:
- Added a sticky ""Call Now"" button
- Made your phone number prominent on every page
- Created a sense of urgency for emergency services

Would you like me to walk you through the changes? It's completely free to look at.

Best regards,
Alex

---
To unsubscribe, reply STOP
",,file://E:\playground\Plumber\demo_sites\Las_Vegas\Code_Red_Emergency_Plumbing.html,READY_TO_SEND
24 HR Water Cleanup,Las Vegas,https://24hrwatercleanup.com/,(702) 978-0133,Quick fix for your website - more emergency calls,"Hi there,

I noticed your site at https://24hrwatercleanup.com/ could be losing emergency plumbing calls.

I rebuilt your homepage to show exactly what I mean:
file://E:\playground\Plumber\demo_sites\Las_Vegas\24_HR_Water_Cleanup.html

Here's what I fixed:
- Added a sticky ""Call Now"" button
- Made your phone number prominent on every page
- Created a sense of urgency for emergency services

Would you like me to walk you through the changes? It's completely free to look at.

Best regards,
Alex

---
To unsubscribe, reply STOP
",,file://E:\playground\Plumber\demo_sites\Las_Vegas\24_HR_Water_Cleanup.html,READY_TO_SEND
Rodeo Plumbing and Drain,Las Vegas,https://rodeo-plumbing.com/,,Quick fix for your website - more emergency calls,"Hi Rodeo,

I noticed your site at https://rodeo-plumbing.com/ could be losing emergency plumbing calls.

I rebuilt your homepage to show exactly what I mean:
file://E:\playground\Plumber\demo_sites\Las_Vegas\Rodeo_Plumbing_and_Drain.html

Here's what I fixed:
- Added a sticky ""Call Now"" button
- Made your phone number prominent on every page
- Created a sense of urgency for emergency services

Would you like me to walk you through the changes? It's completely free to look at.

Best regards,
Alex

---
To unsubscribe, reply STOP
",,file://E:\playground\Plumber\demo_sites\Las_Vegas\Rodeo_Plumbing_and_Drain.html,READY_TO_SEND
Orchard Plumbing,Las Vegas,https://orchardplumbing.vegas/,,Quick fix for your website - more emergency calls,"Hi Orchard,

I noticed your site at https://orchardplumbing.vegas/ could be losing emergency plumbing calls.

I rebuilt your homepage to show exactly what I mean:
file://E:\playground\Plumber\demo_sites\Las_Vegas\Orchard_Plumbing.html

Here's what I fixed:
- Added a sticky ""Call Now"" button
- Made your phone number prominent on every page
- Created a sense of urgency for emergency services

Would you like me to walk you through the changes? It's completely free to look at.

Best regards,
Alex

---
To unsubscribe, reply STOP
",,file://E:\playground\Plumber\demo_sites\Las_Vegas\Orchard_Plumbing.html,READY_TO_SEND
