business_name,website,phone,email,address,city,state,services
Roto-Rooter Las Vegas,https://www.rotorooter.com/lasvegas/,(702) 931-3831,,"Las Vegas, NV",Las Vegas,NV,"24/7 Emergency, Fast Response"
Anytime Plumbing Vegas,https://anytimeplumbingvegas.com/,(725) 237-1727,,"Las Vegas, NV",Las Vegas,NV,"24-Hour Emergency, Special Offers"
Monkey Wrench Plumbing,https://www.monkeywrenchlv.com/,(702) 900-5992,,"Las Vegas, NV",Las Vegas,NV,"Emergency Plumbing, Free Quote"
Code Red Emergency Plumbing,https://coderedplumbing.com/,(702) 949-6599,,"Las Vegas, NV",Las Vegas,NV,"Emergency, Las Vegas Favorite"
Orchard Plumbing,https://orchardplumbing.vegas/,,,"Las Vegas, NV",Las Vegas,NV,"24-Hour Emergency, Licensed"
Larkin Plumbing,https://www.larkinplumbingservice.com/,,,"Las Vegas, NV",Las Vegas,NV,"Since 1936, 24 Hour Emergency"
24 HR Water Cleanup,https://24hrwatercleanup.com/,(702) 978-0133,,"Las Vegas, NV",Las Vegas,NV,"24 HR Emergency, Water Emergency"
Sin City Plumbing,https://sincityplumbing.com/,(702) 431-6502,,"Las Vegas, NV",Las Vegas,NV,"24/7 Emergency, Fast Response"
Precision Plumbing LV,https://www.precisionplumbinglv.com/,,,"Las Vegas, NV",Las Vegas,NV,"24/7 Plumbing, Las Vegas Valley"
Dr. Pipes Las Vegas,https://www.drpipes.com/nv/las-vegas,,,"Las Vegas, NV",Las Vegas,NV,24/7 Emergency Plumbers
Rodeo Plumbing and Drain,https://rodeo-plumbing.com/,,,"Las Vegas, NV",Las Vegas,NV,Emergency Plumbing
247 Las Vegas Plumber,https://247lasvegasplumber.com/,,,"Las Vegas, NV",Las Vegas,NV,"24/7, 60 Minutes or FREE"
Focus Plumbing,https://www.focusplumbing.com/,,,"Las Vegas, NV",Las Vegas,NV,"24-Hour Emergency, Same Day"
